node,gfx,entry,facing,pitch,row,frame_keys,source_x,source_y,packed_x,packed_y,w,h,pivot_x,pivot_y,art_policy
head,0,default,FACE_16_MIRR,ALL,0,[],0,0,24,0,20,20,0.5,0.5,redesigned costume / hair clusters
head,0,default,FACE_16_MIRR,ALL,0,[],20,0,44,0,20,20,0.5,0.5,redesigned costume / hair clusters
head,0,default,FACE_16_MIRR,ALL,0,[],40,0,64,0,20,20,0.5,0.5,redesigned costume / hair clusters
head,0,default,FACE_16_MIRR,ALL,0,[],60,0,84,0,20,20,0.5,0.5,redesigned costume / hair clusters
head,0,default,FACE_16_MIRR,ALL,0,[],80,0,104,0,20,20,0.5,0.5,redesigned costume / hair clusters
head,0,default,FACE_16_MIRR,ALL,0,[],100,0,124,0,20,20,0.5,0.5,redesigned costume / hair clusters
head,0,default,FACE_16_MIRR,ALL,0,[],120,0,0,28,20,20,0.5,0.5,redesigned costume / hair clusters
head,0,default,FACE_16_MIRR,ALL,0,[],140,0,20,28,20,20,0.5,0.5,redesigned costume / hair clusters
head,0,default,FACE_16_MIRR,ALL,0,[],160,0,40,28,20,20,0.5,0.5,redesigned costume / hair clusters
top,0,default,FACE_16,ALL,0,[],288,0,0,104,12,12,0.5,0.3333333333333333,redesigned costume / hair clusters
top,0,default,FACE_16,ALL,0,[],300,0,12,104,12,12,0.5,0.3333333333333333,redesigned costume / hair clusters
top,0,default,FACE_16,ALL,0,[],312,0,24,104,12,12,0.5,0.3333333333333333,redesigned costume / hair clusters
top,0,default,FACE_16,ALL,0,[],324,0,36,104,12,12,0.5,0.3333333333333333,redesigned costume / hair clusters
top,0,default,FACE_16,ALL,0,[],336,0,48,104,12,12,0.5,0.3333333333333333,redesigned costume / hair clusters
top,0,default,FACE_16,ALL,0,[],348,0,60,104,12,12,0.5,0.3333333333333333,redesigned costume / hair clusters
top,0,default,FACE_16,ALL,0,[],360,0,72,104,12,12,0.5,0.3333333333333333,redesigned costume / hair clusters
top,0,default,FACE_16,ALL,0,[],372,0,84,104,12,12,0.5,0.3333333333333333,redesigned costume / hair clusters
top,0,default,FACE_16,ALL,0,[],384,0,96,104,12,12,0.5,0.3333333333333333,redesigned costume / hair clusters
top,0,default,FACE_16,ALL,0,[],396,0,108,104,12,12,0.5,0.3333333333333333,redesigned costume / hair clusters
top,0,default,FACE_16,ALL,0,[],408,0,120,104,12,12,0.5,0.3333333333333333,redesigned costume / hair clusters
top,0,default,FACE_16,ALL,0,[],420,0,132,104,12,12,0.5,0.3333333333333333,redesigned costume / hair clusters
top,0,default,FACE_16,ALL,0,[],432,0,0,116,12,12,0.5,0.3333333333333333,redesigned costume / hair clusters
top,0,default,FACE_16,ALL,0,[],444,0,12,116,12,12,0.5,0.3333333333333333,redesigned costume / hair clusters
top,0,default,FACE_16,ALL,0,[],456,0,24,116,12,12,0.5,0.3333333333333333,redesigned costume / hair clusters
top,0,default,FACE_16,ALL,0,[],468,0,36,116,12,12,0.5,0.3333333333333333,redesigned costume / hair clusters
legR,0,default,FACE_8,ALL,0,[],480,0,108,188,8,12,0.375,0.8333333333333333,redesigned costume / hair clusters
legR,0,default,FACE_8,ALL,0,[],488,0,116,188,8,12,0.375,0.8333333333333333,redesigned costume / hair clusters
legR,0,default,FACE_8,ALL,0,[],496,0,124,188,8,12,0.375,0.8333333333333333,redesigned costume / hair clusters
legR,0,default,FACE_8,ALL,0,[],504,0,132,188,8,12,0.375,0.8333333333333333,redesigned costume / hair clusters
legR,0,default,FACE_8,ALL,0,[],512,0,0,200,8,12,0.375,0.8333333333333333,redesigned costume / hair clusters
legR,0,default,FACE_8,ALL,0,[],520,0,8,200,8,12,0.375,0.8333333333333333,redesigned costume / hair clusters
legR,0,default,FACE_8,ALL,0,[],528,0,16,200,8,12,0.375,0.8333333333333333,redesigned costume / hair clusters
legR,0,default,FACE_8,ALL,0,[],536,0,24,200,8,12,0.375,0.8333333333333333,redesigned costume / hair clusters
legL,0,default,FACE_8,ALL,0,[],544,0,32,200,8,12,0.375,0.8333333333333333,redesigned costume / hair clusters
legL,0,default,FACE_8,ALL,0,[],552,0,40,200,8,12,0.375,0.8333333333333333,redesigned costume / hair clusters
legL,0,default,FACE_8,ALL,0,[],560,0,48,200,8,12,0.375,0.8333333333333333,redesigned costume / hair clusters
legL,0,default,FACE_8,ALL,0,[],568,0,56,200,8,12,0.375,0.8333333333333333,redesigned costume / hair clusters
legL,0,default,FACE_8,ALL,0,[],576,0,64,200,8,12,0.375,0.8333333333333333,redesigned costume / hair clusters
legL,0,default,FACE_8,ALL,0,[],584,0,72,200,8,12,0.375,0.8333333333333333,redesigned costume / hair clusters
legL,0,default,FACE_8,ALL,0,[],592,0,80,200,8,12,0.375,0.8333333333333333,redesigned costume / hair clusters
legL,0,default,FACE_8,ALL,0,[],600,0,88,200,8,12,0.375,0.8333333333333333,redesigned costume / hair clusters
footL,0,default,FACE_4_MIRR_FLIP,ALL,0,[],608,0,96,200,8,12,0.5,0.75,redesigned costume / hair clusters
footR,0,default,FACE_4_MIRR,ALL,0,[],608,0,96,200,8,12,0.5,0.75,redesigned costume / hair clusters
footL,0,default,FACE_4_MIRR_FLIP,ALL,0,[],616,0,104,200,8,12,0.5,0.75,redesigned costume / hair clusters
footR,0,default,FACE_4_MIRR,ALL,0,[],616,0,104,200,8,12,0.5,0.75,redesigned costume / hair clusters
footL,0,default,FACE_4_MIRR_FLIP,ALL,0,[],624,0,112,200,8,12,0.5,0.75,redesigned costume / hair clusters
footR,0,default,FACE_4_MIRR,ALL,0,[],624,0,112,200,8,12,0.5,0.75,redesigned costume / hair clusters
handL,0,default,FACE_8_MIRR,DOWN2+,0,[],632,0,128,224,8,8,0.375,1,redesigned costume / hair clusters
handR,0,default,FACE_8_MIRR_FLIP,DOWN2+,0,[],632,0,128,224,8,8,0.375,1,redesigned costume / hair clusters
handL,0,default,FACE_8_MIRR,DOWN2+,0,[],640,0,136,224,8,8,0.375,1,redesigned costume / hair clusters
handR,0,default,FACE_8_MIRR_FLIP,DOWN2+,0,[],640,0,136,224,8,8,0.375,1,redesigned costume / hair clusters
handL,0,default,FACE_8_MIRR,DOWN2+,0,[],648,0,0,236,8,8,0.375,1,redesigned costume / hair clusters
handR,0,default,FACE_8_MIRR_FLIP,DOWN2+,0,[],648,0,0,236,8,8,0.375,1,redesigned costume / hair clusters
handL,0,default,FACE_8_MIRR,DOWN2+,0,[],656,0,8,236,8,8,0.375,1,redesigned costume / hair clusters
handR,0,default,FACE_8_MIRR_FLIP,DOWN2+,0,[],656,0,8,236,8,8,0.375,1,redesigned costume / hair clusters
handL,0,default,FACE_8_MIRR,DOWN2+,0,[],664,0,16,236,8,8,0.375,1,redesigned costume / hair clusters
handR,0,default,FACE_8_MIRR_FLIP,DOWN2+,0,[],664,0,16,236,8,8,0.375,1,redesigned costume / hair clusters
handL,0,default,FACE_8_MIRR,DOWN1,1,[],632,8,24,236,8,8,0.375,1,redesigned costume / hair clusters
handR,0,default,FACE_8_MIRR_FLIP,DOWN1,1,[],632,8,24,236,8,8,0.375,1,redesigned costume / hair clusters
handL,0,default,FACE_8_MIRR,DOWN1,1,[],640,8,32,236,8,8,0.375,1,redesigned costume / hair clusters
handR,0,default,FACE_8_MIRR_FLIP,DOWN1,1,[],640,8,32,236,8,8,0.375,1,redesigned costume / hair clusters
handL,0,default,FACE_8_MIRR,DOWN1,1,[],648,8,40,236,8,8,0.375,1,redesigned costume / hair clusters
handR,0,default,FACE_8_MIRR_FLIP,DOWN1,1,[],648,8,40,236,8,8,0.375,1,redesigned costume / hair clusters
handL,0,default,FACE_8_MIRR,DOWN1,1,[],656,8,48,236,8,8,0.375,1,redesigned costume / hair clusters
handR,0,default,FACE_8_MIRR_FLIP,DOWN1,1,[],656,8,48,236,8,8,0.375,1,redesigned costume / hair clusters
handL,0,default,FACE_8_MIRR,DOWN1,1,[],664,8,56,236,8,8,0.375,1,redesigned costume / hair clusters
handR,0,default,FACE_8_MIRR_FLIP,DOWN1,1,[],664,8,56,236,8,8,0.375,1,redesigned costume / hair clusters
top,0,default,FACE_16,DOWN1+,1,[],288,12,48,116,12,12,0.5,0.3333333333333333,redesigned costume / hair clusters
top,0,default,FACE_16,DOWN1+,1,[],300,12,60,116,12,12,0.5,0.3333333333333333,redesigned costume / hair clusters
top,0,default,FACE_16,DOWN1+,1,[],312,12,72,116,12,12,0.5,0.3333333333333333,redesigned costume / hair clusters
top,0,default,FACE_16,DOWN1+,1,[],324,12,84,116,12,12,0.5,0.3333333333333333,redesigned costume / hair clusters
top,0,default,FACE_16,DOWN1+,1,[],336,12,96,116,12,12,0.5,0.3333333333333333,redesigned costume / hair clusters
top,0,default,FACE_16,DOWN1+,1,[],348,12,108,116,12,12,0.5,0.3333333333333333,redesigned costume / hair clusters
top,0,default,FACE_16,DOWN1+,1,[],360,12,120,116,12,12,0.5,0.3333333333333333,redesigned costume / hair clusters
top,0,default,FACE_16,DOWN1+,1,[],372,12,132,116,12,12,0.5,0.3333333333333333,redesigned costume / hair clusters
top,0,default,FACE_16,DOWN1+,1,[],384,12,0,128,12,12,0.5,0.3333333333333333,redesigned costume / hair clusters
top,0,default,FACE_16,DOWN1+,1,[],396,12,12,128,12,12,0.5,0.3333333333333333,redesigned costume / hair clusters
top,0,default,FACE_16,DOWN1+,1,[],408,12,24,128,12,12,0.5,0.3333333333333333,redesigned costume / hair clusters
top,0,default,FACE_16,DOWN1+,1,[],420,12,36,128,12,12,0.5,0.3333333333333333,redesigned costume / hair clusters
top,0,default,FACE_16,DOWN1+,1,[],432,12,48,128,12,12,0.5,0.3333333333333333,redesigned costume / hair clusters
top,0,default,FACE_16,DOWN1+,1,[],444,12,60,128,12,12,0.5,0.3333333333333333,redesigned costume / hair clusters
top,0,default,FACE_16,DOWN1+,1,[],456,12,72,128,12,12,0.5,0.3333333333333333,redesigned costume / hair clusters
top,0,default,FACE_16,DOWN1+,1,[],468,12,84,128,12,12,0.5,0.3333333333333333,redesigned costume / hair clusters
legR,0,default,FACE_8,UP1+,1,[],480,12,120,200,8,12,0.375,0.8333333333333333,redesigned costume / hair clusters
legR,0,default,FACE_8,UP1+,1,[],488,12,128,200,8,12,0.375,0.8333333333333333,redesigned costume / hair clusters
legR,0,default,FACE_8,UP1+,1,[],496,12,136,200,8,12,0.375,0.8333333333333333,redesigned costume / hair clusters
legR,0,default,FACE_8,UP1+,1,[],504,12,0,212,8,12,0.375,0.8333333333333333,redesigned costume / hair clusters
legR,0,default,FACE_8,UP1+,1,[],512,12,8,212,8,12,0.375,0.8333333333333333,redesigned costume / hair clusters
legR,0,default,FACE_8,UP1+,1,[],520,12,16,212,8,12,0.375,0.8333333333333333,redesigned costume / hair clusters
legR,0,default,FACE_8,UP1+,1,[],528,12,24,212,8,12,0.375,0.8333333333333333,redesigned costume / hair clusters
legR,0,default,FACE_8,UP1+,1,[],536,12,32,212,8,12,0.375,0.8333333333333333,redesigned costume / hair clusters
legL,0,default,FACE_8,UP1+,1,[],544,12,40,212,8,12,0.375,0.8333333333333333,redesigned costume / hair clusters
legL,0,default,FACE_8,UP1+,1,[],552,12,48,212,8,12,0.375,0.8333333333333333,redesigned costume / hair clusters
legL,0,default,FACE_8,UP1+,1,[],560,12,56,212,8,12,0.375,0.8333333333333333,redesigned costume / hair clusters
legL,0,default,FACE_8,UP1+,1,[],568,12,64,212,8,12,0.375,0.8333333333333333,redesigned costume / hair clusters
legL,0,default,FACE_8,UP1+,1,[],576,12,72,212,8,12,0.375,0.8333333333333333,redesigned costume / hair clusters
legL,0,default,FACE_8,UP1+,1,[],584,12,80,212,8,12,0.375,0.8333333333333333,redesigned costume / hair clusters
legL,0,default,FACE_8,UP1+,1,[],592,12,88,212,8,12,0.375,0.8333333333333333,redesigned costume / hair clusters
legL,0,default,FACE_8,UP1+,1,[],600,12,96,212,8,12,0.375,0.8333333333333333,redesigned costume / hair clusters
footL,0,default,FACE_4_MIRR_FLIP,DOWN2+,1,[],608,12,104,212,8,12,0.5,0.75,redesigned costume / hair clusters
footR,0,default,FACE_4_MIRR,DOWN2+,1,[],608,12,104,212,8,12,0.5,0.75,redesigned costume / hair clusters
footL,0,default,FACE_4_MIRR_FLIP,DOWN2+,1,[],616,12,112,212,8,12,0.5,0.75,redesigned costume / hair clusters
footR,0,default,FACE_4_MIRR,DOWN2+,1,[],616,12,112,212,8,12,0.5,0.75,redesigned costume / hair clusters
footL,0,default,FACE_4_MIRR_FLIP,DOWN2+,1,[],624,12,120,212,8,12,0.5,0.75,redesigned costume / hair clusters
footR,0,default,FACE_4_MIRR,DOWN2+,1,[],624,12,120,212,8,12,0.5,0.75,redesigned costume / hair clusters
handL,0,default,FACE_8_MIRR,ALL,2,[],632,16,64,236,8,8,0.375,1,redesigned costume / hair clusters
handR,0,default,FACE_8_MIRR_FLIP,ALL,2,[],632,16,64,236,8,8,0.375,1,redesigned costume / hair clusters
handL,0,default,FACE_8_MIRR,ALL,2,[],640,16,72,236,8,8,0.375,1,redesigned costume / hair clusters
handR,0,default,FACE_8_MIRR_FLIP,ALL,2,[],640,16,72,236,8,8,0.375,1,redesigned costume / hair clusters
handL,0,default,FACE_8_MIRR,ALL,2,[],648,16,80,236,8,8,0.375,1,redesigned costume / hair clusters
handR,0,default,FACE_8_MIRR_FLIP,ALL,2,[],648,16,80,236,8,8,0.375,1,redesigned costume / hair clusters
handL,0,default,FACE_8_MIRR,ALL,2,[],656,16,88,236,8,8,0.375,1,redesigned costume / hair clusters
handR,0,default,FACE_8_MIRR_FLIP,ALL,2,[],656,16,88,236,8,8,0.375,1,redesigned costume / hair clusters
handL,0,default,FACE_8_MIRR,ALL,2,[],664,16,96,236,8,8,0.375,1,redesigned costume / hair clusters
handR,0,default,FACE_8_MIRR_FLIP,ALL,2,[],664,16,96,236,8,8,0.375,1,redesigned costume / hair clusters
footL,0,default,FACE_4_MIRR_FLIP,UP2+,2,[],608,24,128,212,8,12,0.5,0.75,redesigned costume / hair clusters
footR,0,default,FACE_4_MIRR,UP2+,2,[],608,24,128,212,8,12,0.5,0.75,redesigned costume / hair clusters
footL,0,default,FACE_4_MIRR_FLIP,UP2+,2,[],616,24,136,212,8,12,0.5,0.75,redesigned costume / hair clusters
footR,0,default,FACE_4_MIRR,UP2+,2,[],616,24,136,212,8,12,0.5,0.75,redesigned costume / hair clusters
footL,0,default,FACE_4_MIRR_FLIP,UP2+,2,[],624,24,0,224,8,12,0.5,0.75,redesigned costume / hair clusters
footR,0,default,FACE_4_MIRR,UP2+,2,[],624,24,0,224,8,12,0.5,0.75,redesigned costume / hair clusters
handL,0,default,FACE_8_MIRR,UP1,3,[],632,24,104,236,8,8,0.375,1,redesigned costume / hair clusters
handR,0,default,FACE_8_MIRR_FLIP,UP1,3,[],632,24,104,236,8,8,0.375,1,redesigned costume / hair clusters
handL,0,default,FACE_8_MIRR,UP1,3,[],640,24,112,236,8,8,0.375,1,redesigned costume / hair clusters
handR,0,default,FACE_8_MIRR_FLIP,UP1,3,[],640,24,112,236,8,8,0.375,1,redesigned costume / hair clusters
handL,0,default,FACE_8_MIRR,UP1,3,[],648,24,120,236,8,8,0.375,1,redesigned costume / hair clusters
handR,0,default,FACE_8_MIRR_FLIP,UP1,3,[],648,24,120,236,8,8,0.375,1,redesigned costume / hair clusters
handL,0,default,FACE_8_MIRR,UP1,3,[],656,24,128,236,8,8,0.375,1,redesigned costume / hair clusters
handR,0,default,FACE_8_MIRR_FLIP,UP1,3,[],656,24,128,236,8,8,0.375,1,redesigned costume / hair clusters
handL,0,default,FACE_8_MIRR,UP1,3,[],664,24,136,236,8,8,0.375,1,redesigned costume / hair clusters
handR,0,default,FACE_8_MIRR_FLIP,UP1,3,[],664,24,136,236,8,8,0.375,1,redesigned costume / hair clusters
handL,0,default,FACE_8_MIRR,UP2+,4,[],632,32,0,244,8,8,0.375,1,redesigned costume / hair clusters
handR,0,default,FACE_8_MIRR_FLIP,UP2+,4,[],632,32,0,244,8,8,0.375,1,redesigned costume / hair clusters
handL,0,default,FACE_8_MIRR,UP2+,4,[],640,32,8,244,8,8,0.375,1,redesigned costume / hair clusters
handR,0,default,FACE_8_MIRR_FLIP,UP2+,4,[],640,32,8,244,8,8,0.375,1,redesigned costume / hair clusters
handL,0,default,FACE_8_MIRR,UP2+,4,[],648,32,16,244,8,8,0.375,1,redesigned costume / hair clusters
handR,0,default,FACE_8_MIRR_FLIP,UP2+,4,[],648,32,16,244,8,8,0.375,1,redesigned costume / hair clusters
handL,0,default,FACE_8_MIRR,UP2+,4,[],656,32,24,244,8,8,0.375,1,redesigned costume / hair clusters
handR,0,default,FACE_8_MIRR_FLIP,UP2+,4,[],656,32,24,244,8,8,0.375,1,redesigned costume / hair clusters
handL,0,default,FACE_8_MIRR,UP2+,4,[],664,32,32,244,8,8,0.375,1,redesigned costume / hair clusters
handR,0,default,FACE_8_MIRR_FLIP,UP2+,4,[],664,32,32,244,8,8,0.375,1,redesigned costume / hair clusters
top,0,default,FACE_16,UP2+,3,[],288,36,96,128,12,12,0.5,0.3333333333333333,redesigned costume / hair clusters
top,0,default,FACE_16,UP2+,3,[],300,36,108,128,12,12,0.5,0.3333333333333333,redesigned costume / hair clusters
top,0,default,FACE_16,UP2+,3,[],312,36,120,128,12,12,0.5,0.3333333333333333,redesigned costume / hair clusters
top,0,default,FACE_16,UP2+,3,[],324,36,132,128,12,12,0.5,0.3333333333333333,redesigned costume / hair clusters
top,0,default,FACE_16,UP2+,3,[],336,36,0,140,12,12,0.5,0.3333333333333333,redesigned costume / hair clusters
top,0,default,FACE_16,UP2+,3,[],348,36,12,140,12,12,0.5,0.3333333333333333,redesigned costume / hair clusters
top,0,default,FACE_16,UP2+,3,[],360,36,24,140,12,12,0.5,0.3333333333333333,redesigned costume / hair clusters
top,0,default,FACE_16,UP2+,3,[],372,36,36,140,12,12,0.5,0.3333333333333333,redesigned costume / hair clusters
top,0,default,FACE_16,UP2+,3,[],384,36,48,140,12,12,0.5,0.3333333333333333,redesigned costume / hair clusters
top,0,default,FACE_16,UP2+,3,[],396,36,60,140,12,12,0.5,0.3333333333333333,redesigned costume / hair clusters
top,0,default,FACE_16,UP2+,3,[],408,36,72,140,12,12,0.5,0.3333333333333333,redesigned costume / hair clusters
top,0,default,FACE_16,UP2+,3,[],420,36,84,140,12,12,0.5,0.3333333333333333,redesigned costume / hair clusters
top,0,default,FACE_16,UP2+,3,[],432,36,96,140,12,12,0.5,0.3333333333333333,redesigned costume / hair clusters
top,0,default,FACE_16,UP2+,3,[],444,36,108,140,12,12,0.5,0.3333333333333333,redesigned costume / hair clusters
top,0,default,FACE_16,UP2+,3,[],456,36,120,140,12,12,0.5,0.3333333333333333,redesigned costume / hair clusters
top,0,default,FACE_16,UP2+,3,[],468,36,132,140,12,12,0.5,0.3333333333333333,redesigned costume / hair clusters
bottom,1,default,FACE_16_MIRR,ALL,0,[],480,36,0,152,12,12,0.5,0.42,redesigned costume / hair clusters
bottom,1,default,FACE_16_MIRR,ALL,0,[],492,36,12,152,12,12,0.5,0.42,redesigned costume / hair clusters
bottom,1,default,FACE_16_MIRR,ALL,0,[],504,36,24,152,12,12,0.5,0.42,redesigned costume / hair clusters
bottom,1,default,FACE_16_MIRR,ALL,0,[],516,36,36,152,12,12,0.5,0.42,redesigned costume / hair clusters
bottom,1,default,FACE_16_MIRR,ALL,0,[],528,36,48,152,12,12,0.5,0.42,redesigned costume / hair clusters
bottom,1,default,FACE_16_MIRR,ALL,0,[],540,36,60,152,12,12,0.5,0.42,redesigned costume / hair clusters
bottom,1,default,FACE_16_MIRR,ALL,0,[],552,36,72,152,12,12,0.5,0.42,redesigned costume / hair clusters
bottom,1,default,FACE_16_MIRR,ALL,0,[],564,36,84,152,12,12,0.5,0.42,redesigned costume / hair clusters
bottom,1,default,FACE_16_MIRR,ALL,0,[],576,36,96,152,12,12,0.5,0.42,redesigned costume / hair clusters
head,1,simple,FACE_1,ALL,0,[],588,36,40,244,8,8,0.375,0.5,redesigned costume / hair clusters
armR,0,default,FACE_4_MIRR_FLIP,DOWN2+,0,[],608,36,48,244,8,8,0.375,0.25,redesigned costume / hair clusters
armR,0,default,FACE_4_MIRR_FLIP,DOWN2+,0,[],616,36,56,244,8,8,0.375,0.25,redesigned costume / hair clusters
armR,0,default,FACE_4_MIRR_FLIP,DOWN2+,0,[],624,36,64,244,8,8,0.375,0.25,redesigned costume / hair clusters
fingerL,0,default,FACE_8_MIRR,ALL,0,[],632,40,72,244,8,8,0.375,0.5,redesigned costume / hair clusters
fingerR,0,default,FACE_8_MIRR_FLIP,ALL,0,[],632,40,72,244,8,8,0.375,0.5,redesigned costume / hair clusters
fingerL,0,default,FACE_8_MIRR,ALL,0,[],640,40,80,244,8,8,0.375,0.5,redesigned costume / hair clusters
fingerR,0,default,FACE_8_MIRR_FLIP,ALL,0,[],640,40,80,244,8,8,0.375,0.5,redesigned costume / hair clusters
fingerL,0,default,FACE_8_MIRR,ALL,0,[],648,40,88,244,8,8,0.375,0.5,redesigned costume / hair clusters
fingerR,0,default,FACE_8_MIRR_FLIP,ALL,0,[],648,40,88,244,8,8,0.375,0.5,redesigned costume / hair clusters
fingerL,0,default,FACE_8_MIRR,ALL,0,[],656,40,96,244,8,8,0.375,0.5,redesigned costume / hair clusters
fingerR,0,default,FACE_8_MIRR_FLIP,ALL,0,[],656,40,96,244,8,8,0.375,0.5,redesigned costume / hair clusters
fingerL,0,default,FACE_8_MIRR,ALL,0,[],664,40,104,244,8,8,0.375,0.5,redesigned costume / hair clusters
fingerR,0,default,FACE_8_MIRR_FLIP,ALL,0,[],664,40,104,244,8,8,0.375,0.5,redesigned costume / hair clusters
armR,0,default,FACE_4_MIRR_FLIP,DOWN1,1,[],608,44,112,244,8,8,0.375,0.25,redesigned costume / hair clusters
armR,0,default,FACE_4_MIRR_FLIP,DOWN1,1,[],616,44,120,244,8,8,0.375,0.25,redesigned costume / hair clusters
armR,0,default,FACE_4_MIRR_FLIP,DOWN1,1,[],624,44,128,244,8,8,0.375,0.25,redesigned costume / hair clusters
bottom,0,default,FACE_16_MIRR,ALL,0,[],480,48,108,152,12,12,0.5,0.416666666666667,redesigned costume / hair clusters
bottom,0,default,FACE_16_MIRR,ALL,0,[],492,48,120,152,12,12,0.5,0.416666666666667,redesigned costume / hair clusters
bottom,0,default,FACE_16_MIRR,ALL,0,[],504,48,132,152,12,12,0.5,0.416666666666667,redesigned costume / hair clusters
bottom,0,default,FACE_16_MIRR,ALL,0,[],516,48,0,164,12,12,0.5,0.416666666666667,redesigned costume / hair clusters
bottom,0,default,FACE_16_MIRR,ALL,0,[],528,48,12,164,12,12,0.5,0.416666666666667,redesigned costume / hair clusters
bottom,0,default,FACE_16_MIRR,ALL,0,[],540,48,24,164,12,12,0.5,0.416666666666667,redesigned costume / hair clusters
bottom,0,default,FACE_16_MIRR,ALL,0,[],552,48,36,164,12,12,0.5,0.416666666666667,redesigned costume / hair clusters
bottom,0,default,FACE_16_MIRR,ALL,0,[],564,48,48,164,12,12,0.5,0.416666666666667,redesigned costume / hair clusters
bottom,0,default,FACE_16_MIRR,ALL,0,[],576,48,60,164,12,12,0.5,0.416666666666667,redesigned costume / hair clusters
fingerL,0,default,FACE_8_MIRR,NORM,1,[],632,48,136,244,8,8,0.375,0.5,redesigned costume / hair clusters
fingerR,0,default,FACE_8_MIRR_FLIP,NORM,1,[],632,48,136,244,8,8,0.375,0.5,redesigned costume / hair clusters
fingerL,0,default,FACE_8_MIRR,NORM,1,[],640,48,0,252,8,8,0.375,0.5,redesigned costume / hair clusters
fingerR,0,default,FACE_8_MIRR_FLIP,NORM,1,[],640,48,0,252,8,8,0.375,0.5,redesigned costume / hair clusters
fingerL,0,default,FACE_8_MIRR,NORM,1,[],648,48,8,252,8,8,0.375,0.5,redesigned costume / hair clusters
fingerR,0,default,FACE_8_MIRR_FLIP,NORM,1,[],648,48,8,252,8,8,0.375,0.5,redesigned costume / hair clusters
fingerL,0,default,FACE_8_MIRR,NORM,1,[],656,48,16,252,8,8,0.375,0.5,redesigned costume / hair clusters
fingerR,0,default,FACE_8_MIRR_FLIP,NORM,1,[],656,48,16,252,8,8,0.375,0.5,redesigned costume / hair clusters
fingerL,0,default,FACE_8_MIRR,NORM,1,[],664,48,24,252,8,8,0.375,0.5,redesigned costume / hair clusters
fingerR,0,default,FACE_8_MIRR_FLIP,NORM,1,[],664,48,24,252,8,8,0.375,0.5,redesigned costume / hair clusters
armR,0,default,FACE_4_MIRR_FLIP,ALL,2,[],608,52,32,252,8,8,0.375,0.25,redesigned costume / hair clusters
armR,0,default,FACE_4_MIRR_FLIP,ALL,2,[],616,52,40,252,8,8,0.375,0.25,redesigned costume / hair clusters
armR,0,default,FACE_4_MIRR_FLIP,ALL,2,[],624,52,48,252,8,8,0.375,0.25,redesigned costume / hair clusters
fingerL,0,default,FACE_8_MIRR,UP1,2,[],632,56,56,252,8,8,0.375,0.5,redesigned costume / hair clusters
fingerR,0,default,FACE_8_MIRR_FLIP,UP1,2,[],632,56,56,252,8,8,0.375,0.5,redesigned costume / hair clusters
fingerL,0,default,FACE_8_MIRR,UP1,2,[],640,56,64,252,8,8,0.375,0.5,redesigned costume / hair clusters
fingerR,0,default,FACE_8_MIRR_FLIP,UP1,2,[],640,56,64,252,8,8,0.375,0.5,redesigned costume / hair clusters
fingerL,0,default,FACE_8_MIRR,UP1,2,[],648,56,72,252,8,8,0.375,0.5,redesigned costume / hair clusters
fingerR,0,default,FACE_8_MIRR_FLIP,UP1,2,[],648,56,72,252,8,8,0.375,0.5,redesigned costume / hair clusters
fingerL,0,default,FACE_8_MIRR,UP1,2,[],656,56,80,252,8,8,0.375,0.5,redesigned costume / hair clusters
fingerR,0,default,FACE_8_MIRR_FLIP,UP1,2,[],656,56,80,252,8,8,0.375,0.5,redesigned costume / hair clusters
fingerL,0,default,FACE_8_MIRR,UP1,2,[],664,56,88,252,8,8,0.375,0.5,redesigned costume / hair clusters
fingerR,0,default,FACE_8_MIRR_FLIP,UP1,2,[],664,56,88,252,8,8,0.375,0.5,redesigned costume / hair clusters
bottom,0,default,FACE_16_MIRR,DOWN1+,1,[],480,60,72,164,12,12,0.5,0.416666666666667,redesigned costume / hair clusters
bottom,0,default,FACE_16_MIRR,DOWN1+,1,[],492,60,84,164,12,12,0.5,0.416666666666667,redesigned costume / hair clusters
bottom,0,default,FACE_16_MIRR,DOWN1+,1,[],504,60,96,164,12,12,0.5,0.416666666666667,redesigned costume / hair clusters
bottom,0,default,FACE_16_MIRR,DOWN1+,1,[],516,60,108,164,12,12,0.5,0.416666666666667,redesigned costume / hair clusters
bottom,0,default,FACE_16_MIRR,DOWN1+,1,[],528,60,120,164,12,12,0.5,0.416666666666667,redesigned costume / hair clusters
bottom,0,default,FACE_16_MIRR,DOWN1+,1,[],540,60,132,164,12,12,0.5,0.416666666666667,redesigned costume / hair clusters
bottom,0,default,FACE_16_MIRR,DOWN1+,1,[],552,60,0,176,12,12,0.5,0.416666666666667,redesigned costume / hair clusters
bottom,0,default,FACE_16_MIRR,DOWN1+,1,[],564,60,12,176,12,12,0.5,0.416666666666667,redesigned costume / hair clusters
bottom,0,default,FACE_16_MIRR,DOWN1+,1,[],576,60,24,176,12,12,0.5,0.416666666666667,redesigned costume / hair clusters
armR,1,default,FACE_4_MIRR_FLIP,DOWN2+,0,[],608,60,96,252,8,8,0.375,0.875,redesigned costume / hair clusters
armR,1,default,FACE_4_MIRR_FLIP,DOWN2+,0,[],616,60,104,252,8,8,0.375,0.875,redesigned costume / hair clusters
armR,1,default,FACE_4_MIRR_FLIP,DOWN2+,0,[],624,60,112,252,8,8,0.375,0.875,redesigned costume / hair clusters
armL,0,default,FACE_8_MIRR,DOWN2+,0,[],632,64,120,252,8,8,0.375,0.375,redesigned costume / hair clusters
armL,0,default,FACE_8_MIRR,DOWN2+,0,[],640,64,128,252,8,8,0.375,0.375,redesigned costume / hair clusters
armL,0,default,FACE_8_MIRR,DOWN2+,0,[],648,64,136,252,8,8,0.375,0.375,redesigned costume / hair clusters
armL,0,default,FACE_8_MIRR,DOWN2+,0,[],656,64,0,260,8,8,0.375,0.375,redesigned costume / hair clusters
armL,0,default,FACE_8_MIRR,DOWN2+,0,[],664,64,8,260,8,8,0.375,0.375,redesigned costume / hair clusters
armR,1,default,FACE_4_MIRR_FLIP,ALL,1,[],608,68,16,260,8,8,0.375,0.875,redesigned costume / hair clusters
armR,1,default,FACE_4_MIRR_FLIP,ALL,1,[],616,68,24,260,8,8,0.375,0.875,redesigned costume / hair clusters
armR,1,default,FACE_4_MIRR_FLIP,ALL,1,[],624,68,32,260,8,8,0.375,0.875,redesigned costume / hair clusters
armL,0,default,FACE_8_MIRR,DOWN1+,1,[],632,72,40,260,8,8,0.375,0.375,redesigned costume / hair clusters
armL,0,default,FACE_8_MIRR,DOWN1+,1,[],640,72,48,260,8,8,0.375,0.375,redesigned costume / hair clusters
armL,0,default,FACE_8_MIRR,DOWN1+,1,[],648,72,56,260,8,8,0.375,0.375,redesigned costume / hair clusters
armL,0,default,FACE_8_MIRR,DOWN1+,1,[],656,72,64,260,8,8,0.375,0.375,redesigned costume / hair clusters
armL,0,default,FACE_8_MIRR,DOWN1+,1,[],664,72,72,260,8,8,0.375,0.375,redesigned costume / hair clusters
armL,1,default,FACE_4_MIRR,ALL,0,[],608,76,80,260,8,8,0.375,0.875,redesigned costume / hair clusters
armL,1,default,FACE_4_MIRR,ALL,0,[],616,76,88,260,8,8,0.375,0.875,redesigned costume / hair clusters
armL,1,default,FACE_4_MIRR,ALL,0,[],624,76,96,260,8,8,0.375,0.875,redesigned costume / hair clusters
armL,0,default,FACE_8_MIRR,ALL,2,[],632,80,104,260,8,8,0.375,0.375,redesigned costume / hair clusters
armL,0,default,FACE_8_MIRR,ALL,2,[],640,80,112,260,8,8,0.375,0.375,redesigned costume / hair clusters
armL,0,default,FACE_8_MIRR,ALL,2,[],648,80,120,260,8,8,0.375,0.375,redesigned costume / hair clusters
armL,0,default,FACE_8_MIRR,ALL,2,[],656,80,128,260,8,8,0.375,0.375,redesigned costume / hair clusters
armL,0,default,FACE_8_MIRR,ALL,2,[],664,80,136,260,8,8,0.375,0.375,redesigned costume / hair clusters
top,1,default,FACE_8_MIRR,ALL,0,[],288,84,8,224,12,8,0.5,0.5,redesigned costume / hair clusters
top,1,default,FACE_8_MIRR,ALL,0,[],300,84,20,224,12,8,0.5,0.5,redesigned costume / hair clusters
top,1,default,FACE_8_MIRR,ALL,0,[],312,84,32,224,12,8,0.5,0.5,redesigned costume / hair clusters
top,1,default,FACE_8_MIRR,ALL,0,[],324,84,44,224,12,8,0.5,0.5,redesigned costume / hair clusters
top,1,default,FACE_8_MIRR,ALL,0,[],336,84,56,224,12,8,0.5,0.5,redesigned costume / hair clusters
toeL,0,default,FACE_16_MIRR_FLIP,ALL,0,[],348,84,0,268,8,8,0.25,0.375,redesigned costume / hair clusters
toeR,0,default,FACE_16_MIRR,ALL,0,[],348,84,0,268,8,8,0.25,0.375,redesigned costume / hair clusters
toeL,0,default,FACE_16_MIRR_FLIP,ALL,0,[],356,84,8,268,8,8,0.25,0.375,redesigned costume / hair clusters
toeR,0,default,FACE_16_MIRR,ALL,0,[],356,84,8,268,8,8,0.25,0.375,redesigned costume / hair clusters
toeL,0,default,FACE_16_MIRR_FLIP,ALL,0,[],364,84,16,268,8,8,0.25,0.375,redesigned costume / hair clusters
toeR,0,default,FACE_16_MIRR,ALL,0,[],364,84,16,268,8,8,0.25,0.375,redesigned costume / hair clusters
toeL,0,default,FACE_16_MIRR_FLIP,ALL,0,[],372,84,24,268,8,8,0.25,0.375,redesigned costume / hair clusters
toeR,0,default,FACE_16_MIRR,ALL,0,[],372,84,24,268,8,8,0.25,0.375,redesigned costume / hair clusters
toeL,0,default,FACE_16_MIRR_FLIP,ALL,0,[],380,84,32,268,8,8,0.25,0.375,redesigned costume / hair clusters
toeR,0,default,FACE_16_MIRR,ALL,0,[],380,84,32,268,8,8,0.25,0.375,redesigned costume / hair clusters
toeL,0,default,FACE_16_MIRR_FLIP,ALL,0,[],388,84,40,268,8,8,0.25,0.375,redesigned costume / hair clusters
toeR,0,default,FACE_16_MIRR,ALL,0,[],388,84,40,268,8,8,0.25,0.375,redesigned costume / hair clusters
toeL,0,default,FACE_16_MIRR_FLIP,ALL,0,[],396,84,48,268,8,8,0.25,0.375,redesigned costume / hair clusters
toeR,0,default,FACE_16_MIRR,ALL,0,[],396,84,48,268,8,8,0.25,0.375,redesigned costume / hair clusters
toeL,0,default,FACE_16_MIRR_FLIP,ALL,0,[],404,84,56,268,8,8,0.25,0.375,redesigned costume / hair clusters
toeR,0,default,FACE_16_MIRR,ALL,0,[],404,84,56,268,8,8,0.25,0.375,redesigned costume / hair clusters
toeL,0,default,FACE_16_MIRR_FLIP,ALL,0,[],412,84,64,268,8,8,0.25,0.375,redesigned costume / hair clusters
toeR,0,default,FACE_16_MIRR,ALL,0,[],412,84,64,268,8,8,0.25,0.375,redesigned costume / hair clusters
bottom,0,default,FACE_16_MIRR,UP1+,3,[],480,84,36,176,12,12,0.5,0.416666666666667,redesigned costume / hair clusters
bottom,0,default,FACE_16_MIRR,UP1+,3,[],492,84,48,176,12,12,0.5,0.416666666666667,redesigned costume / hair clusters
bottom,0,default,FACE_16_MIRR,UP1+,3,[],504,84,60,176,12,12,0.5,0.416666666666667,redesigned costume / hair clusters
bottom,0,default,FACE_16_MIRR,UP1+,3,[],516,84,72,176,12,12,0.5,0.416666666666667,redesigned costume / hair clusters
bottom,0,default,FACE_16_MIRR,UP1+,3,[],528,84,84,176,12,12,0.5,0.416666666666667,redesigned costume / hair clusters
bottom,0,default,FACE_16_MIRR,UP1+,3,[],540,84,96,176,12,12,0.5,0.416666666666667,redesigned costume / hair clusters
bottom,0,default,FACE_16_MIRR,UP1+,3,[],552,84,108,176,12,12,0.5,0.416666666666667,redesigned costume / hair clusters
bottom,0,default,FACE_16_MIRR,UP1+,3,[],564,84,120,176,12,12,0.5,0.416666666666667,redesigned costume / hair clusters
bottom,0,default,FACE_16_MIRR,UP1+,3,[],576,84,132,176,12,12,0.5,0.416666666666667,redesigned costume / hair clusters
armL,1,default,FACE_4_MIRR,DOWN1,1,[],608,84,72,268,8,8,0.375,0.875,redesigned costume / hair clusters
armL,1,default,FACE_4_MIRR,DOWN1,1,[],616,84,80,268,8,8,0.375,0.875,redesigned costume / hair clusters
armL,1,default,FACE_4_MIRR,DOWN1,1,[],624,84,88,268,8,8,0.375,0.875,redesigned costume / hair clusters
armL,0,default,FACE_8_MIRR,UP1+,3,[],632,88,96,268,8,8,0.375,0.375,redesigned costume / hair clusters
armL,0,default,FACE_8_MIRR,UP1+,3,[],640,88,104,268,8,8,0.375,0.375,redesigned costume / hair clusters
armL,0,default,FACE_8_MIRR,UP1+,3,[],648,88,112,268,8,8,0.375,0.375,redesigned costume / hair clusters
armL,0,default,FACE_8_MIRR,UP1+,3,[],656,88,120,268,8,8,0.375,0.375,redesigned costume / hair clusters
armL,0,default,FACE_8_MIRR,UP1+,3,[],664,88,128,268,8,8,0.375,0.375,redesigned costume / hair clusters
top,1,default,FACE_8_MIRR,UP2+,1,[],288,92,68,224,12,8,0.5,0.5,redesigned costume / hair clusters
top,1,default,FACE_8_MIRR,UP2+,1,[],300,92,80,224,12,8,0.5,0.5,redesigned costume / hair clusters
top,1,default,FACE_8_MIRR,UP2+,1,[],312,92,92,224,12,8,0.5,0.5,redesigned costume / hair clusters
top,1,default,FACE_8_MIRR,UP2+,1,[],324,92,104,224,12,8,0.5,0.5,redesigned costume / hair clusters
top,1,default,FACE_8_MIRR,UP2+,1,[],336,92,116,224,12,8,0.5,0.5,redesigned costume / hair clusters
toeL,0,default,FACE_16_MIRR_FLIP,DOWN2+,1,[],348,92,136,268,8,8,0.25,0.375,redesigned costume / hair clusters
toeR,0,default,FACE_16_MIRR,DOWN2+,1,[],348,92,136,268,8,8,0.25,0.375,redesigned costume / hair clusters
toeL,0,default,FACE_16_MIRR_FLIP,DOWN2+,1,[],356,92,0,276,8,8,0.25,0.375,redesigned costume / hair clusters
toeR,0,default,FACE_16_MIRR,DOWN2+,1,[],356,92,0,276,8,8,0.25,0.375,redesigned costume / hair clusters
toeL,0,default,FACE_16_MIRR_FLIP,DOWN2+,1,[],364,92,8,276,8,8,0.25,0.375,redesigned costume / hair clusters
toeR,0,default,FACE_16_MIRR,DOWN2+,1,[],364,92,8,276,8,8,0.25,0.375,redesigned costume / hair clusters
toeL,0,default,FACE_16_MIRR_FLIP,DOWN2+,1,[],372,92,16,276,8,8,0.25,0.375,redesigned costume / hair clusters
toeR,0,default,FACE_16_MIRR,DOWN2+,1,[],372,92,16,276,8,8,0.25,0.375,redesigned costume / hair clusters
toeL,0,default,FACE_16_MIRR_FLIP,DOWN2+,1,[],380,92,24,276,8,8,0.25,0.375,redesigned costume / hair clusters
toeR,0,default,FACE_16_MIRR,DOWN2+,1,[],380,92,24,276,8,8,0.25,0.375,redesigned costume / hair clusters
toeL,0,default,FACE_16_MIRR_FLIP,DOWN2+,1,[],388,92,32,276,8,8,0.25,0.375,redesigned costume / hair clusters
toeR,0,default,FACE_16_MIRR,DOWN2+,1,[],388,92,32,276,8,8,0.25,0.375,redesigned costume / hair clusters
toeL,0,default,FACE_16_MIRR_FLIP,DOWN2+,1,[],396,92,40,276,8,8,0.25,0.375,redesigned costume / hair clusters
toeR,0,default,FACE_16_MIRR,DOWN2+,1,[],396,92,40,276,8,8,0.25,0.375,redesigned costume / hair clusters
toeL,0,default,FACE_16_MIRR_FLIP,DOWN2+,1,[],404,92,48,276,8,8,0.25,0.375,redesigned costume / hair clusters
toeR,0,default,FACE_16_MIRR,DOWN2+,1,[],404,92,48,276,8,8,0.25,0.375,redesigned costume / hair clusters
toeL,0,default,FACE_16_MIRR_FLIP,DOWN2+,1,[],412,92,56,276,8,8,0.25,0.375,redesigned costume / hair clusters
toeR,0,default,FACE_16_MIRR,DOWN2+,1,[],412,92,56,276,8,8,0.25,0.375,redesigned costume / hair clusters
armL,1,default,FACE_4_MIRR,NORM,2,[],608,92,64,276,8,8,0.375,0.875,redesigned costume / hair clusters
armL,1,default,FACE_4_MIRR,NORM,2,[],616,92,72,276,8,8,0.375,0.875,redesigned costume / hair clusters
armL,1,default,FACE_4_MIRR,NORM,2,[],624,92,80,276,8,8,0.375,0.875,redesigned costume / hair clusters
bottom,0,default,FACE_16_MIRR,UP2+,4,[],480,96,0,188,12,12,0.5,0.416666666666667,redesigned costume / hair clusters
bottom,0,default,FACE_16_MIRR,UP2+,4,[],492,96,12,188,12,12,0.5,0.416666666666667,redesigned costume / hair clusters
bottom,0,default,FACE_16_MIRR,UP2+,4,[],504,96,24,188,12,12,0.5,0.416666666666667,redesigned costume / hair clusters
bottom,0,default,FACE_16_MIRR,UP2+,4,[],516,96,36,188,12,12,0.5,0.416666666666667,redesigned costume / hair clusters
bottom,0,default,FACE_16_MIRR,UP2+,4,[],528,96,48,188,12,12,0.5,0.416666666666667,redesigned costume / hair clusters
bottom,0,default,FACE_16_MIRR,UP2+,4,[],540,96,60,188,12,12,0.5,0.416666666666667,redesigned costume / hair clusters
bottom,0,default,FACE_16_MIRR,UP2+,4,[],552,96,72,188,12,12,0.5,0.416666666666667,redesigned costume / hair clusters
bottom,0,default,FACE_16_MIRR,UP2+,4,[],564,96,84,188,12,12,0.5,0.416666666666667,redesigned costume / hair clusters
bottom,0,default,FACE_16_MIRR,UP2+,4,[],576,96,96,188,12,12,0.5,0.416666666666667,redesigned costume / hair clusters
head,0,default,FACE_16_MIRR,UP2+,5,[],0,100,60,28,20,20,0.5,0.5,redesigned costume / hair clusters
head,0,default,FACE_16_MIRR,UP2+,5,[],20,100,80,28,20,20,0.5,0.5,redesigned costume / hair clusters
head,0,default,FACE_16_MIRR,UP2+,5,[],40,100,100,28,20,20,0.5,0.5,redesigned costume / hair clusters
head,0,default,FACE_16_MIRR,UP2+,5,[],60,100,120,28,20,20,0.5,0.5,redesigned costume / hair clusters
head,0,default,FACE_16_MIRR,UP2+,5,[],80,100,0,48,20,20,0.5,0.5,redesigned costume / hair clusters
head,0,default,FACE_16_MIRR,UP2+,5,[],100,100,20,48,20,20,0.5,0.5,redesigned costume / hair clusters
head,0,default,FACE_16_MIRR,UP2+,5,[],120,100,40,48,20,20,0.5,0.5,redesigned costume / hair clusters
head,0,default,FACE_16_MIRR,UP2+,5,[],140,100,60,48,20,20,0.5,0.5,redesigned costume / hair clusters
head,0,default,FACE_16_MIRR,UP2+,5,[],160,100,80,48,20,20,0.5,0.5,redesigned costume / hair clusters
tailEnd,0,Idle,FACE_4_MIRR,ALL,0,[],360,100,0,0,8,28,0.5,0.0714285714285711,"intentionally transparent: short hair, no ornament"
tailEnd,0,Idle,FACE_4_MIRR,ALL,0,[],368,100,8,0,8,28,0.5,0.0714285714285711,"intentionally transparent: short hair, no ornament"
tailEnd,0,Idle,FACE_4_MIRR,ALL,0,[],376,100,16,0,8,28,0.5,0.0714285714285711,"intentionally transparent: short hair, no ornament"
headGear,0,default,FACE_16_MIRR,ALL,0,[],528,108,0,88,16,16,0.4375,0.5,"intentionally transparent: short hair, no ornament"
headGear,0,default,FACE_16_MIRR,ALL,0,[],544,108,16,88,16,16,0.4375,0.5,"intentionally transparent: short hair, no ornament"
headGear,0,default,FACE_16_MIRR,ALL,0,[],560,108,32,88,16,16,0.4375,0.5,"intentionally transparent: short hair, no ornament"
headGear,0,default,FACE_16_MIRR,ALL,0,[],576,108,48,88,16,16,0.4375,0.5,"intentionally transparent: short hair, no ornament"
headGear,0,default,FACE_16_MIRR,ALL,0,[],592,108,64,88,16,16,0.4375,0.5,"intentionally transparent: short hair, no ornament"
headGear,0,default,FACE_16_MIRR,ALL,0,[],608,108,80,88,16,16,0.4375,0.5,"intentionally transparent: short hair, no ornament"
headGear,0,default,FACE_16_MIRR,ALL,0,[],624,108,96,88,16,16,0.4375,0.5,"intentionally transparent: short hair, no ornament"
headGear,0,default,FACE_16_MIRR,ALL,0,[],640,108,112,88,16,16,0.4375,0.5,"intentionally transparent: short hair, no ornament"
headGear,0,default,FACE_16_MIRR,ALL,0,[],656,108,128,88,16,16,0.4375,0.5,"intentionally transparent: short hair, no ornament"
head,0,default,FACE_16_MIRR,UP1+,6,[],0,120,100,48,20,20,0.5,0.5,redesigned costume / hair clusters
head,0,default,FACE_16_MIRR,UP1+,6,[],20,120,120,48,20,20,0.5,0.5,redesigned costume / hair clusters
head,0,default,FACE_16_MIRR,UP1+,6,[],40,120,0,68,20,20,0.5,0.5,redesigned costume / hair clusters
head,0,default,FACE_16_MIRR,UP1+,6,[],60,120,20,68,20,20,0.5,0.5,redesigned costume / hair clusters
head,0,default,FACE_16_MIRR,UP1+,6,[],80,120,40,68,20,20,0.5,0.5,redesigned costume / hair clusters
head,0,default,FACE_16_MIRR,UP1+,6,[],100,120,60,68,20,20,0.5,0.5,redesigned costume / hair clusters
head,0,default,FACE_16_MIRR,UP1+,6,[],120,120,80,68,20,20,0.5,0.5,redesigned costume / hair clusters
head,0,default,FACE_16_MIRR,UP1+,6,[],140,120,100,68,20,20,0.5,0.5,redesigned costume / hair clusters
head,0,default,FACE_16_MIRR,UP1+,6,[],160,120,120,68,20,20,0.5,0.5,redesigned costume / hair clusters
